{
  "features": [
    "avg_payment_delay",
    "payment_ratio",
    "prior_contact_rate"
  ],
  "metrics_test": {
    "auc": 0.7441359061744988,
    "accuracy": 0.68875,
    "precision": 0.6278671687778158,
    "recall": 0.9206827309236948,
    "f1": 0.7465906777936088
  },
  "best_params": {
    "subsample": 0.75,
    "n_estimators": 200,
    "min_child_weight": 5,
    "max_depth": 3,
    "learning_rate": 0.02,
    "gamma": 0.0,
    "colsample_bytree": 1.0
  }
}